timestamp,time_key,store_id,item_id,item_name,category,actual_sales
2026-05-05 19:51:52.711513,2026-05-05 19:00:00,1,I043,curd,dairy,501.7258073958303
2026-05-05 19:51:52.711526,2026-05-05 19:00:00,1,I096,dried fruit,snacks,457.9415703893177
2026-05-05 19:51:52.711527,2026-05-05 19:00:00,1,I100,pretzels,snacks,454.6151901513724
2026-05-05 19:51:52.711529,2026-05-05 19:00:00,1,I097,granola,snacks,417.1837895961077
2026-05-05 19:51:52.711530,2026-05-05 19:00:00,1,I098,cereal,snacks,199.4502256375034
2026-05-05 19:57:55.030917,2026-05-05 19:00:00,1,I043,curd,dairy,497.59201451029236
2026-05-05 19:57:55.030925,2026-05-05 19:00:00,1,I096,dried fruit,snacks,464.8849382037985
2026-05-05 19:57:55.030926,2026-05-05 19:00:00,1,I100,pretzels,snacks,443.7773807176789
2026-05-05 19:57:55.030928,2026-05-05 19:00:00,1,I097,granola,snacks,409.78205138062157
2026-05-05 19:57:55.030929,2026-05-05 19:00:00,1,I098,cereal,snacks,201.91558414676538
2026-05-05 20:00:07.555548,2026-05-05 20:00:00,1,I043,curd,dairy,504.1848904806496
2026-05-05 20:00:07.555556,2026-05-05 20:00:00,1,I096,dried fruit,snacks,466.9064500016538
2026-05-05 20:00:07.555558,2026-05-05 20:00:00,1,I100,pretzels,snacks,438.0763471021648
2026-05-05 20:00:07.555559,2026-05-05 20:00:00,1,I097,granola,snacks,433.8082254760715
2026-05-05 20:00:07.555560,2026-05-05 20:00:00,1,I098,cereal,snacks,198.80202220209654
2026-05-05 20:00:07.980417,2026-05-05 20:00:00,2,I097,granola,snacks,519.2983125683528
2026-05-05 20:00:07.980425,2026-05-05 20:00:00,2,I098,cereal,snacks,531.6603592968255
2026-05-05 20:00:07.980427,2026-05-05 20:00:00,2,I096,dried fruit,snacks,510.04325080023176
2026-05-05 20:00:07.980428,2026-05-05 20:00:00,2,I094,popcorn,snacks,511.9609087600381
2026-05-05 20:00:07.980429,2026-05-05 20:00:00,2,I100,pretzels,snacks,474.0026390089618
2026-05-05 20:00:07.980430,2026-05-05 20:00:00,2,I032,coconut,fruits,319.74451160881256
2026-05-05 20:00:08.371914,2026-05-05 20:00:00,3,I098,cereal,snacks,490.884889886953
2026-05-05 20:00:08.371923,2026-05-05 20:00:00,3,I096,dried fruit,snacks,471.93773263996326
2026-05-05 20:00:08.371924,2026-05-05 20:00:00,3,I043,curd,dairy,442.14094624951974
2026-05-05 20:00:08.371925,2026-05-05 20:00:00,3,I094,popcorn,snacks,378.78481374089404
2026-05-05 20:00:08.371926,2026-05-05 20:00:00,3,I097,granola,snacks,307.4411704352857
2026-05-06 18:13:57.049861,2026-05-06 18:00:00,0,I098,cereal,snacks,125.00182407706059
2026-05-06 18:13:57.049890,2026-05-06 18:00:00,0,I097,granola,snacks,130.57124633284235
2026-05-06 18:13:57.049891,2026-05-06 18:00:00,0,I096,dried fruit,snacks,132.64488983232172
2026-05-06 18:13:57.049893,2026-05-06 18:00:00,0,I094,popcorn,snacks,139.06697780975134
2026-05-06 18:13:57.049894,2026-05-06 18:00:00,0,I100,pretzels,snacks,132.8389463165477
2026-05-06 18:13:57.049895,2026-05-06 18:00:00,0,I032,coconut,fruits,86.18567875709813
2026-05-06 18:14:06.758239,2026-05-06 18:00:00,0,I098,cereal,snacks,129.56267175515836
2026-05-06 18:14:06.758281,2026-05-06 18:00:00,0,I097,granola,snacks,123.38934175666947
2026-05-06 18:14:06.758282,2026-05-06 18:00:00,0,I096,dried fruit,snacks,121.05462399755233
2026-05-06 18:14:06.758283,2026-05-06 18:00:00,0,I094,popcorn,snacks,125.64341031072695
2026-05-06 18:14:06.758285,2026-05-06 18:00:00,0,I100,pretzels,snacks,128.47799617996762
2026-05-06 18:14:06.758286,2026-05-06 18:00:00,0,I043,curd,dairy,103.61024095292959
2026-05-06 18:18:29.132459,2026-05-06 18:00:00,0,I098,cereal,snacks,130.1162598142189
2026-05-06 18:18:29.132471,2026-05-06 18:00:00,0,I097,granola,snacks,133.8563009931903
2026-05-06 18:18:29.132473,2026-05-06 18:00:00,0,I096,dried fruit,snacks,138.98010745122852
2026-05-06 18:18:29.132475,2026-05-06 18:00:00,0,I094,popcorn,snacks,138.4143610169789
2026-05-06 18:18:29.132476,2026-05-06 18:00:00,0,I032,coconut,fruits,96.45660609723768
2026-05-06 18:18:50.238262,2026-05-06 18:00:00,0,I098,cereal,snacks,135.34472818668948
2026-05-06 18:18:50.238276,2026-05-06 18:00:00,0,I097,granola,snacks,127.47932020795179
2026-05-06 18:18:50.238278,2026-05-06 18:00:00,0,I096,dried fruit,snacks,126.76034700735465
2026-05-06 18:18:50.238280,2026-05-06 18:00:00,0,I094,popcorn,snacks,137.1102065791536
2026-05-06 18:18:50.238281,2026-05-06 18:00:00,0,I032,coconut,fruits,111.1399202285666
2026-05-07 01:13:16.690734,2026-05-07 01:00:00,1,I051,water,beverages,349.67391902735733
2026-05-07 01:13:16.690764,2026-05-07 01:00:00,1,I060,smoothie,beverages,355.0282631831362
2026-05-07 01:13:16.690766,2026-05-07 01:00:00,1,I057,sports drink,beverages,321.6530882003811
2026-05-07 01:13:16.690767,2026-05-07 01:00:00,1,I032,coconut,fruits,289.719041963159
2026-05-07 01:13:16.690769,2026-05-07 01:00:00,1,I031,pomegranate,fruits,175.8511648440673
2026-05-07 10:14:38.252573,2026-05-07 10:00:00,0,I098,cereal,snacks,139.27429253172775
2026-05-07 10:14:38.252601,2026-05-07 10:00:00,0,I097,granola,snacks,126.18339168712039
2026-05-07 10:14:38.252603,2026-05-07 10:00:00,0,I096,dried fruit,snacks,138.98714924651205
2026-05-07 10:14:38.252604,2026-05-07 10:00:00,0,I094,popcorn,snacks,99.79203916728204
2026-05-07 10:14:38.252605,2026-05-07 10:00:00,0,I043,curd,dairy,102.73522003500179
2026-05-07 13:23:40.026411,2026-05-07 13:00:00,4,I096,dried fruit,snacks,380.6863765459054
2026-05-07 13:23:40.026452,2026-05-07 13:00:00,4,I097,granola,snacks,341.877941196273
2026-05-07 13:23:40.026454,2026-05-07 13:00:00,4,I094,popcorn,snacks,328.764086212284
2026-05-07 13:23:40.026455,2026-05-07 13:00:00,4,I032,coconut,fruits,238.87944868319286
2026-05-07 13:23:40.026456,2026-05-07 13:00:00,4,I098,cereal,snacks,252.3226248972999
2026-05-07 13:58:17.139754,2026-05-07 13:00:00,5,I098,cereal,snacks,406.676900572094
2026-05-07 13:58:17.139807,2026-05-07 13:00:00,5,I043,curd,dairy,338.77315235793213
2026-05-07 13:58:17.139809,2026-05-07 13:00:00,5,I100,pretzels,snacks,315.8138382538108
2026-05-07 13:58:17.139810,2026-05-07 13:00:00,5,I096,dried fruit,snacks,309.7620511768545
2026-05-07 13:58:17.139812,2026-05-07 13:00:00,5,I097,granola,snacks,305.37594365132367
2026-05-07 13:58:17.139813,2026-05-07 13:00:00,5,I094,popcorn,snacks,192.84321694161662
2026-05-07 14:21:51.388053,2026-05-07 14:00:00,0,I098,cereal,snacks,139.4600088772775
2026-05-07 14:21:51.388099,2026-05-07 14:00:00,0,I097,granola,snacks,132.0919183698637
2026-05-07 14:21:51.388100,2026-05-07 14:00:00,0,I096,dried fruit,snacks,140.43613946490686
2026-05-07 14:21:51.388102,2026-05-07 14:00:00,0,I094,popcorn,snacks,131.38662039478433
2026-05-07 14:21:51.388103,2026-05-07 14:00:00,0,I032,coconut,fruits,108.03915992426312
